{
  "type" : "arObject",
  "data" : {
    "center" : [
      0,
      0,
      0
    ],
    "scale" : [
      1,
      1,
      1
    ],
    "extent" : [
      0.10000000149011612,
      0.10000000149011612,
      0.10000000149011612
    ]
  }
}